fiscalDateEnding,reportedCurrency_cash_flow,operatingCashflow_cash_flow,paymentsForOperatingActivities_cash_flow,proceedsFromOperatingActivities_cash_flow,changeInOperatingLiabilities_cash_flow,changeInOperatingAssets_cash_flow,depreciationDepletionAndAmortization_cash_flow,capitalExpenditures_cash_flow,changeInReceivables_cash_flow,changeInInventory_cash_flow,profitLoss_cash_flow,cashflowFromInvestment_cash_flow,cashflowFromFinancing_cash_flow,proceedsFromRepaymentsOfShortTermDebt_cash_flow,paymentsForRepurchaseOfCommonStock_cash_flow,paymentsForRepurchaseOfEquity_cash_flow,paymentsForRepurchaseOfPreferredStock_cash_flow,dividendPayout_cash_flow,dividendPayoutCommonStock_cash_flow,dividendPayoutPreferredStock_cash_flow,proceedsFromIssuanceOfCommonStock_cash_flow,proceedsFromIssuanceOfLongTermDebtAndCapitalSecuritiesNet_cash_flow,proceedsFromIssuanceOfPreferredStock_cash_flow,proceedsFromRepurchaseOfEquity_cash_flow,proceedsFromSaleOfTreasuryStock_cash_flow,changeInCashAndCashEquivalents_cash_flow,changeInExchangeRate_cash_flow,netIncome_cash_flow,reportedCurrency_balance_sheet,totalAssets_balance_sheet,totalCurrentAssets_balance_sheet,cashAndCashEquivalentsAtCarryingValue_balance_sheet,cashAndShortTermInvestments_balance_sheet,inventory_balance_sheet,currentNetReceivables_balance_sheet,totalNonCurrentAssets_balance_sheet,propertyPlantEquipment_balance_sheet,accumulatedDepreciationAmortizationPPE_balance_sheet,intangibleAssets_balance_sheet,intangibleAssetsExcludingGoodwill_balance_sheet,goodwill_balance_sheet,investments_balance_sheet,longTermInvestments_balance_sheet,shortTermInvestments_balance_sheet,otherCurrentAssets_balance_sheet,otherNonCurrentAssets_balance_sheet,totalLiabilities_balance_sheet,totalCurrentLiabilities_balance_sheet,currentAccountsPayable_balance_sheet,deferredRevenue_balance_sheet,currentDebt_balance_sheet,shortTermDebt_balance_sheet,totalNonCurrentLiabilities_balance_sheet,capitalLeaseObligations_balance_sheet,longTermDebt_balance_sheet,currentLongTermDebt_balance_sheet,longTermDebtNoncurrent_balance_sheet,shortLongTermDebtTotal_balance_sheet,otherCurrentLiabilities_balance_sheet,otherNonCurrentLiabilities_balance_sheet,totalShareholderEquity_balance_sheet,treasuryStock_balance_sheet,retainedEarnings_balance_sheet,commonStock_balance_sheet,commonStockSharesOutstanding_balance_sheet,reportedCurrency_income_statement,grossProfit_income_statement,totalRevenue_income_statement,costOfRevenue_income_statement,costofGoodsAndServicesSold_income_statement,operatingIncome_income_statement,sellingGeneralAndAdministrative_income_statement,researchAndDevelopment_income_statement,operatingExpenses_income_statement,investmentIncomeNet_income_statement,netInterestIncome_income_statement,interestIncome_income_statement,interestExpense_income_statement,nonInterestIncome_income_statement,otherNonOperatingIncome_income_statement,depreciation_income_statement,depreciationAndAmortization_income_statement,incomeBeforeTax_income_statement,incomeTaxExpense_income_statement,interestAndDebtExpense_income_statement,netIncomeFromContinuingOperations_income_statement,comprehensiveIncomeNetOfTax_income_statement,ebit_income_statement,ebitda_income_statement,netIncome_income_statement,reportedDate_earnings,reportedEPS_earnings,estimatedEPS_earnings,surprise_earnings,surprisePercentage_earnings,reportTime_earnings
2024-12-31,,,,,,,,,,,,,,,,,,,,,,,,,,,,,,,,,,,,,,,,,,,,,,,,,,,,,,,,,,,,,,,,,,,,,,,,,,,,,,,,,,,,,,,,,,,2025-01-29,None,3.77,0,None,post-market
2024-09-30,USD,-745000000,None,None,None,None,1268000000,424000000,None,None,-317000000,None,-2765000000,0,None,None,None,1543000000,1543000000,None,None,0,None,-189000000,None,None,None,-330000000,USD,134339000000,30543000000,13197000000,13197000000,1367000000,6203000000,96174000000,5614000000,None,72182000000,11090000000,61092000000,None,None,505000000,1836000000,None,109809000000,28853000000,3274000000,16548000000,7189000000,3599000000,80955000000,3547000000,55308000000,3590000000,52980000000,82312000000,5934000000,11186000000,24448000000,169935000000,149789000000,61013000000,923600000,USD,8420000000,14968000000,6548000000,12000000,1364000000,4911000000,1876000000,7056000000,None,-259000000,170000000,429000000,-466000000,422000000,None,1268000000,-815000000,-485000000,None,-317000000,1570000000,-386000000,1042000000,-330000000,2024-10-23,2.3,2.23,0.07,3.139,post-market
2024-06-30,,,,,,,,,,,,,,,,,,,,,,,,,,,,,,,,,,,,,,,,,,,,,,,,,,,,,,,,,,,,,,,,,,,,,,,,,,,,,,,,,,,,,,,,,,,2024-07-24,2.43,2.2,0.23,10.4545,post-market
2024-03-31,USD,4168000000,None,None,None,None,1131000000,239000000,None,None,1576000000,-4210000000,1877000000,1000000,None,None,None,1522000000,1522000000,None,None,5486000000,None,-199000000,None,None,None,1605000000,USD,137169000000,36663000000,14603000000,14603000000,1212000000,6676000000,93235000000,5594000000,None,70284000000,10750000000,59534000000,None,None,4512000000,4227000000,None,113836000000,32397000000,3588000000,17539000000,10940000000,5471000000,81439000000,3367000000,57125000000,5469000000,54033000000,86750000000,6009000000,10914000000,23261000000,169759000000,151362000000,60145000000,917200000,USD,7742000000,14462000000,6719000000,28000000,85000000,4974000000,1796000000,7657000000,None,-432000000,210000000,432000000,215000000,274000000,533000000,598000000,1103000000,-502000000,432000000,1575000000,1878000000,1535000000,2133000000,1605000000,2024-04-24,1.68,1.6,0.08,5,post-market
2023-12-31,USD,4463000000,None,None,None,None,1152000000,300000000,None,390000000,3294000000,2836000000,-1615000000,-13000000,None,None,None,1518000000,1518000000,None,None,0,None,-64000000,None,None,None,3288000000,USD,135241000000,32908000000,13068000000,13068000000,1161000000,7725000000,101302000000,-472000000,None,71214000000,11036000000,60178000000,125000000,125000000,373000000,12860000000,None,112628000000,34122000000,4132000000,16984000000,12851000000,6426000000,87072000000,379000000,54588000000,6304000000,50121000000,120630000000,6203000000,11475000000,22533000000,169624000000,151276000000,59643000000,915013646,USD,10267000000,17381000000,7114000000,112000000,3876000000,4791000000,1748000000,6391000000,None,-405000000,143000000,405000000,-412000000,108000000,541000000,611000000,3762000000,474000000,405000000,3285000000,624000000,4167000000,4778000000,3288000000,2024-01-24,3.87,3.78,0.09,2.381,post-market
2023-09-30,USD,3056000000,None,None,None,None,1093000000,281000000,None,None,1714000000,-1953000000,-3132000000,9000000,0,0,None,1515000000,1515000000,None,None,154000000,None,0,None,None,None,1704000000,USD,129321000000,27705000000,7257000000,7257000000,1399000000,6039000000,100035000000,5369000000,12848000000,70874000000,11278000000,59596000000,None,None,3721000000,2581000000,None,106165000000,30606000000,3342000000,15002000000,12814000000,6414000000,75560000000,3283000000,50664000000,6400000000,48828000000,84575000000,8126000000,12081000000,23081000000,169640000000,149506000000,59313000000,912800000,USD,8023000000,14752000000,6729000000,42000000,1994000000,4458000000,1685000000,6029000000,None,-412000000,156000000,412000000,265000000,97000000,521000000,572000000,1863000000,159000000,412000000,1714000000,2105000000,2275000000,2847000000,1704000000,2023-10-25,2.2,2.13,0.07,3.2864,post-market
2023-06-30,USD,2638000000,None,None,None,None,1077000000,364000000,None,None,1581000000,7000000,-2730000000,0,0,0,None,1510000000,1510000000,None,None,0,None,0,None,-85000000,None,1583000000,USD,132213000000,34458000000,9394000000,9394000000,1501000000,6368000000,96170000000,5443000000,13145000000,66881000000,10496000000,56385000000,None,1585000000,6904000000,2731000000,None,109942000000,32513000000,3732000000,15976000000,13565000000,6785000000,77429000000,2828000000,54030000000,6780000000,50691000000,87088000000,8442000000,12103000000,22201000000,169581000000,149318000000,58963000000,909855943,USD,8501000000,15475000000,6974000000,61000000,1984000000,4900000000,1687000000,6517000000,None,-423000000,201000000,423000000,163000000,39000000,520000000,557000000,2002000000,419000000,423000000,1581000000,1863000000,2425000000,2982000000,1583000000,2023-07-19,2.18,2.01,0.17,8.4577,post-market
2023-03-31,USD,3774000000,None,None,None,None,1074000000,300000000,None,None,927000000,-7960000000,5708000000,-3000000,0,0,None,1497000000,1497000000,None,None,9432000000,None,0,None,1522000000,None,927000000,USD,133637000000,35982000000,9337000000,9337000000,1603000000,12626000000,96048000000,5344000000,13417000000,67098000000,10905000000,56193000000,None,1607000000,8057000000,2501000000,None,111964000000,30993000000,3728000000,16663000000,9768000000,4887000000,80971000000,2963000000,55692000000,4881000000,53826000000,86257000000,8289000000,12099000000,21604000000,169544000000,149253000000,58675000000,907500000,USD,7509000000,14252000000,6743000000,30000000,256000000,4853000000,1655000000,7253000000,None,-367000000,170000000,367000000,-93000000,22000000,527000000,547000000,1051000000,124000000,367000000,934000000,888000000,1418000000,1965000000,927000000,2023-04-19,1.36,1.26,0.1,7.9365,post-market
2022-12-31,USD,3965000000,None,None,None,None,1137000000,409000000,None,71000000,2710000000,-1319000000,-2852000000,-4000000,0,0,None,1494000000,1494000000,None,None,7000000,None,0,None,None,None,2710000000,USD,127243000000,29118000000,7886000000,7886000000,1552000000,14209000000,96874000000,5334000000,13361000000,67133000000,11184000000,55949000000,142000000,142000000,852000000,2610000000,None,105222000000,31505000000,4051000000,15531000000,9511000000,4760000000,83414000000,164000000,47190000000,4676000000,46189000000,107759000000,9788000000,12243000000,21944000000,169484000000,149825000000,58343000000,906091977,USD,9632000000,16690000000,7058000000,190000000,3294000000,4766000000,1604000000,6338000000,None,-313000000,64000000,313000000,-394000000,36000000,570000000,567000000,3154000000,444000000,313000000,2870000000,3109000000,3467000000,4034000000,2710000000,2023-01-25,3.6,3.6,0,0,post-market
2022-09-30,USD,1901000000,None,None,None,None,1163000000,317000000,None,71000000,-3196000000,-1697000000,713000000,230000000,0,0,None,1491000000,1491000000,None,None,3395000000,None,0,None,917000000,None,-3196000000,USD,125850000000,28999000000,7816000000,7816000000,1794000000,6289000000,95237000000,5150000000,13525000000,65185000000,10967000000,54218000000,None,1614000000,1753000000,1000000,None,105703000000,30466000000,3806000000,14157000000,11678000000,5937000000,75236000000,2947000000,46685000000,5741000000,44942000000,76684000000,8740000000,13413000000,20076000000,169514000000,148611000000,58117000000,904076831,USD,7430000000,14107000000,6677000000,57000000,1471000000,4391000000,1611000000,5959000000,None,-295000000,53000000,295000000,363000000,80000000,586000000,577000000,-4483000000,-1287000000,295000000,-3214000000,1834000000,-4188000000,-3611000000,-3196000000,2022-10-19,1.81,1.77,0.04,2.2599,post-market
2022-06-30,USD,1321000000,None,None,None,None,1246000000,339000000,None,None,1392000000,172000000,-4196000000,-1000000,0,0,None,1488000000,1488000000,None,None,318000000,None,0,None,-2703000000,None,1392000000,USD,127503000000,27896000000,7034000000,7034000000,1684000000,6626000000,97917000000,5275000000,13804000000,66610000000,11571000000,55039000000,None,1689000000,524000000,1000000,None,108026000000,31844000000,3707000000,15591000000,11733000000,5981000000,76183000000,3066000000,47895000000,5752000000,44328000000,75151000000,8750000000,13486000000,19409000000,169522000000,153298000000,57802000000,901500000,USD,8290000000,15535000000,7246000000,120000000,2377000000,4855000000,1673000000,5913000000,None,-297000000,28000000,297000000,440000000,243000000,620000000,626000000,1649000000,257000000,297000000,1465000000,1755000000,1946000000,2572000000,1392000000,2022-07-18,2.31,2.27,0.04,1.7621,post-market
2022-03-31,USD,3248000000,None,None,None,None,1256000000,281000000,None,None,733000000,-1358000000,1377000000,-8000000,0,0,None,1475000000,1475000000,None,None,4084000000,None,0,None,3267000000,None,733000000,USD,133275000000,31330000000,9934000000,9934000000,1776000000,13725000000,100173000000,5559000000,14448000000,68418000000,12312000000,56106000000,None,1771000000,550000000,-2000000,None,114162000000,34056000000,3453000000,16949000000,15366000000,7690000000,80107000000,3312000000,55572000000,7676000000,46545000000,81434000000,8433000000,13844000000,19050000000,169422000000,153401000000,57603000000,899316026,USD,7335000000,14197000000,6862000000,19000000,470000000,4597000000,1679000000,6865000000,None,-311000000,17000000,311000000,-42000000,83000000,631000000,625000000,694000000,-39000000,311000000,662000000,1436000000,1005000000,1630000000,733000000,2022-04-19,1.4,1.38,0.02,1.4493,post-market
2021-12-31,USD,2544000000,None,None,None,None,1381000000,450000000,1372000000,138000000,2333000000,-675000000,-2692000000,-880000000,0,0,None,1474000000,1474000000,None,None,128000000,None,0,None,-823000000,None,2333000000,USD,132001000000,29539000000,6650000000,6650000000,1649000000,14977000000,101786000000,5694000000,14390000000,68154000000,12511000000,55643000000,199000000,159000000,600000000,5663000000,None,113005000000,33619000000,3955000000,16095000000,13551000000,6787000000,90188000000,63000000,56193000000,6728000000,44917000000,110496000000,9385000000,13996000000,18901000000,169392000000,154209000000,57319000000,898068600,USD,9501000000,16694000000,7195000000,89000000,913000000,4903000000,1625000000,5194000000,None,-303000000,13000000,303000000,None,38000000,749000000,632000000,2739000000,406000000,303000000,2462000000,5136000000,3042000000,3674000000,2333000000,2022-01-24,3.35,3.3,0.05,1.5152,post-market
2021-09-30,USD,2713000000,None,None,None,None,1684000000,558000000,None,138000000,1130000000,-629000000,-1748000000,908000000,0,0,None,1471000000,1471000000,None,None,151000000,None,0,None,1130000000,None,1130000000,USD,144214000000,29967000000,7455000000,7455000000,1891000000,14669000000,112252000000,9138000000,23211000000,74403000000,13025000000,61378000000,None,1996000000,600000000,5352000000,None,121858000000,35832000000,4248000000,16229000000,14207000000,7575000000,86026000000,4477000000,58782000000,6632000000,46926000000,83307000000,10460000000,15179000000,22228000000,169406000000,161747000000,57189000000,897097073,USD,7106000000,13251000000,6145000000,49000000,1761000000,4306000000,1606000000,6410000000,None,-291000000,-1000000,290000000,None,-234000000,1037000000,647000000,906000000,-224000000,291000000,1037000000,1480000000,1196000000,1843000000,1130000000,2021-10-20,2.52,2.5,0.02,0.8,post-market
2021-06-30,USD,2625000000,None,None,None,None,1680000000,560000000,None,138000000,1325000000,-2671000000,-3131000000,21000000,0,0,None,1467000000,1467000000,None,None,192000000,None,0,None,1325000000,None,1325000000,USD,146814000000,30774000000,7350000000,7350000000,1807000000,15823000000,114030000000,9423000000,23152000000,75184000000,13539000000,61645000000,None,2010000000,600000000,5194000000,None,124747000000,36616000000,4214000000,17385000000,12848000000,6442000000,88132000000,4612000000,60637000000,6406000000,48735000000,83835000000,11354000000,14741000000,21942000000,169404000000,162086000000,56912000000,895043024,USD,7852000000,14218000000,6366000000,103000000,2304000000,4849000000,1641000000,6700000000,None,-281000000,11000000,281000000,None,-315000000,1050000000,630000000,1426000000,101000000,281000000,810000000,1930000000,1707000000,2337000000,1325000000,2021-07-19,2.33,2.29,0.04,1.7467,post-market
2021-03-31,USD,4914000000,None,None,None,None,1672000000,494000000,None,138000000,955000000,-2000000000,-5783000000,-89000000,0,0,None,1457000000,1457000000,None,None,51000000,None,0,None,-2869000000,None,955000000,USD,148629000000,34038000000,10531000000,11131000000,1828000000,16067000000,112465000000,9452000000,22817000000,73519000000,13535000000,59984000000,600000000,8047000000,600000000,5012000000,None,127116000000,36542000000,4140000000,18350000000,10360000000,5198000000,90573000000,4716000000,61124000000,5162000000,51206000000,83548000000,11670000000,14489000000,21389000000,169360000000,162218000000,56788000000,893630916,USD,7027000000,13187000000,6160000000,59000000,1084000000,4688000000,1616000000,7120000000,None,-280000000,14000000,280000000,None,-362000000,1052000000,620000000,795000000,-160000000,280000000,403000000,2036000000,1075000000,1695000000,955000000,2021-04-19,1.77,1.63,0.14,8.589,post-market
2020-12-31,USD,5860000000,None,None,None,None,1699000000,678000000,5297000000,-209000000,1356000000,-558000000,-6293000000,-386000000,0,0,None,1454000000,1454000000,None,None,167000000,None,0,None,-4000000000,None,1356000000,USD,155971000000,39165000000,13188000000,13812000000,1812000000,18738000000,115864000000,6205000000,13895000000,73413000000,13796000000,53765000000,923000000,172000000,600000000,4776000000,None,135244000000,39869000000,4033000000,17134000000,14102000000,7116000000,106679000000,60000000,68416000000,6956000000,54217000000,130178000000,13588000000,14180000000,20597000000,169339000000,162717000000,56556000000,892653424,USD,5813000000,1926000000,-3888000000,181000000,-4000000000,4712000000,1540000000,2000000000,None,-317000000,15000000,317000000,None,-247000000,1089000000,610000000,884000000,-472000000,317000000,-305000000,603000000,1201000000,1811000000,1356000000,2021-01-21,2.07,1.79,0.28,15.6425,post-market
2020-09-30,USD,4285000000,None,None,None,None,1683000000,725000000,None,-209000000,1698000000,-332000000,-1689000000,-18000000,0,0,None,1453000000,1453000000,None,None,147000000,None,0,None,1698000000,None,1698000000,USD,154128000000,39845000000,14393000000,15593000000,1949000000,17870000000,112339000000,9958000000,22474000000,72317000000,13962000000,58355000000,1200000000,8367000000,1200000000,1000000,None,132794000000,37993000000,3985000000,15501000000,19962000000,10285000000,94800000000,4971000000,71460000000,9677000000,55129000000,100934000000,10706000000,15484000000,21208000000,169380000000,162806000000,56366000000,891400000,USD,8430000000,17560000000,9130000000,64000000,2358000000,4647000000,1515000000,6072000000,None,-323000000,15000000,323000000,None,-253000000,1070000000,613000000,1826000000,128000000,323000000,1698000000,1870000000,2149000000,2762000000,1698000000,2020-10-19,2.58,2.58,0,0,post-market
2020-06-30,USD,3576000000,None,None,None,None,1679000000,585000000,None,-209000000,1361000000,-1236000000,-1624000000,-1035000000,0,0,None,1450000000,1450000000,None,None,4135000000,None,0,None,1361000000,None,1361000000,USD,154200000000,39953000000,12041000000,14104000000,1869000000,19447000000,112325000000,9709000000,21957000000,72103000000,14270000000,57833000000,2063000000,9272000000,2063000000,-1000000,None,133512000000,38442000000,4719000000,16256000000,17733000000,9289000000,95069000000,5027000000,70044000000,8444000000,55449000000,98574000000,10622000000,15666000000,20551000000,169386000000,162559000000,56135000000,889400000,USD,8700000000,18123000000,9423000000,117000000,2121000000,5248000000,1582000000,6579000000,None,-323000000,23000000,323000000,None,-179000000,1056000000,623000000,1570000000,209000000,323000000,1362000000,1888000000,1893000000,2516000000,1361000000,2020-07-20,2.18,2.07,0.11,5.314,post-market
2020-03-31,USD,4476000000,None,None,None,None,1634000000,630000000,None,-209000000,1175000000,-902000000,-115000000,586000000,0,0,None,1440000000,1440000000,None,None,6055000000,None,0,None,3459000000,None,1175000000,USD,153403000000,38931000000,11218000000,11865000000,1786000000,20669000000,112562000000,9626000000,21464000000,72183000000,14666000000,57517000000,647000000,9619000000,647000000,2000000,None,133275000000,40673000000,4172000000,17146000000,19832000000,11642000000,88802000000,5126000000,64950000000,8190000000,52685000000,127712000000,10155000000,15874000000,19999000000,169437000000,162626000000,56092000000,888000000,USD,7922000000,17571000000,9649000000,76000000,-145000000,5955000000,1625000000,8067000000,None,-326000000,51000000,326000000,None,-182000000,1012000000,622000000,-51000000,-1226000000,326000000,1176000000,489000000,275000000,897000000,1175000000,2020-04-20,1.84,1.8,0.04,2.2222,post-market
2019-12-31,USD,3451000000,2073000000,None,None,None,1650000000,576000000,None,67000000,3670000000,128000000,-5675000000,-457000000,0,0,None,1438000000,1438000000,None,None,329000000,None,0,None,-2096000000,None,3670000000,USD,152186000000,38420000000,8172000000,8868000000,1619000000,23795000000,112878000000,10010000000,22018000000,73457000000,15235000000,52471000000,974000000,184000000,696000000,4138000000,None,131202000000,37701000000,4896000000,15877000000,16319000000,8797000000,100877000000,5259000000,65953000000,7522000000,54102000000,132187000000,10602000000,14526000000,20841000000,169413000000,162954000000,55895000000,887110455,USD,6145000000,2344000000,-3801000000,387000000,4048000000,3553000000,1517000000,7052000000,None,-354000000,48000000,354000000,None,None,1021000000,629000000,3323000000,-347000000,354000000,1380000000,4159000000,3677000000,4306000000,3670000000,2020-01-21,4.71,4.68,0.03,0.641,post-market
2019-09-30,USD,3619000000,395000000,None,None,None,1669000000,588000000,None,67000000,1672000000,-30373000000,-8177000000,-6733000000,125000000,125000000,None,1436000000,1436000000,None,None,247000000,None,-125000000,None,1672000000,None,1672000000,USD,149620000000,38121000000,10087000000,10820000000,1712000000,20959000000,109277000000,10063000000,21608000000,73564000000,15613000000,57951000000,733000000,2221000000,733000000,-1000000,None,131524000000,35066000000,4042000000,14605000000,15054000000,8530000000,96458000000,5167000000,62944000000,5147000000,57797000000,71474000000,9894000000,15564000000,17956000000,169474000000,160709000000,55808000000,886000000,USD,8336000000,18028000000,9692000000,75000000,1872000000,5024000000,1553000000,6464000000,None,-432000000,63000000,432000000,None,None,1058000000,611000000,1521000000,-151000000,432000000,1673000000,1427000000,1953000000,2564000000,1672000000,2019-10-16,2.68,2.67,0.01,0.3745,post-market
2019-06-30,USD,2941000000,None,None,None,None,307000000,583000000,None,67000000,2498000000,4162000000,21031000000,4572000000,316000000,316000000,None,1436000000,1436000000,None,None,25270000000,None,-316000000,None,2498000000,None,2498000000,USD,154652000000,77517000000,45399000000,46273000000,1745000000,24738000000,74908000000,10202000000,21641000000,38012000000,2728000000,35284000000,874000000,2228000000,874000000,4761000000,None,136876000000,42351000000,4724000000,14735000000,22443000000,14594000000,94526000000,5265000000,64975000000,6530000000,58445000000,79569000000,10453000000,12190000000,17645000000,169385000000,160467000000,55404000000,886300000,USD,9010000000,19161000000,10151000000,74000000,1950000000,5456000000,1407000000,7060000000,None,-348000000,167000000,348000000,None,None,987000000,307000000,2767000000,269000000,348000000,2499000000,2839000000,3115000000,3422000000,2498000000,2019-07-17,3.17,3.07,0.1,3.2573,post-market
2019-03-31,USD,4759000000,None,None,None,None,1446000000,539000000,None,67000000,1591000000,-853000000,1863000000,21000000,920000000,920000000,None,1397000000,1397000000,None,None,5979000000,None,-920000000,None,5769000000,None,1591000000,USD,130926000000,52705000000,17134000000,18006000000,1771000000,27945000000,65902000000,10675000000,22017000000,39237000000,2956000000,36281000000,872000000,10764000000,872000000,4983000000,None,114320000000,38871000000,5711000000,None,10250000000,3144000000,71859000000,4903000000,46833000000,7106000000,39727000000,49977000000,9463000000,12184000000,16481000000,169021000000,159396000000,55287000000,889581542,USD,8043000000,18182000000,10139000000,55000000,1616000000,4691000000,1433000000,6427000000,None,-210000000,70000000,210000000,None,73000000,1143000000,303000000,1880000000,289000000,210000000,1593000000,1899000000,2090000000,2393000000,1591000000,2019-04-16,2.25,2.22,0.03,1.3514,post-market
2018-12-31,USD,4119000000,None,None,None,None,1112000000,782000000,1006000000,-127000000,1951000000,455000000,-4605000000,965000000,2050000000,2050000000,None,1416000000,1416000000,None,None,2177000000,None,-2050000000,None,-31000000,None,1951000000,USD,123382000000,49146000000,11379000000,11997000000,1682000000,30563000000,68067000000,10792000000,21668000000,39352000000,3087000000,36265000000,1157000000,192000000,618000000,1000000,None,106452000000,38227000000,6558000000,14610000000,10207000000,10207000000,76767000000,None,42656000000,7051000000,35605000000,52863000000,10297000000,12174000000,16796000000,168071000000,159206000000,55151000000,892479411,USD,10687000000,21761000000,11073000000,11073000000,4306000000,4701000000,1358000000,6381000000,None,-193000000,None,193000000,None,-184000000,790000000,322000000,4432000000,2481000000,193000000,1953000000,282000000,4625000000,4947000000,1951000000,2019-01-22,4.87,4.82,0.05,1.0373,post-market
2018-09-30,USD,4232000000,None,None,None,None,348000000,812000000,None,-127000000,2694000000,-2969000000,-436000000,-21000000,626000000,626000000,None,1431000000,1431000000,None,None,2208000000,None,-626000000,None,2692000000,None,2694000000,USD,121990000000,48257000000,11563000000,14495000000,1893000000,27087000000,67024000000,10949000000,21535000000,39660000000,3134000000,36526000000,2932000000,10451000000,2932000000,-1000000,None,102071000000,36822000000,5384000000,None,10932000000,4159000000,65249000000,None,42762000000,6773000000,35989000000,46921000000,9802000000,9979000000,19784000000,165995000000,158612000000,54987000000,911152848,USD,8803000000,18756000000,9953000000,9953000000,2840000000,4363000000,1252000000,5963000000,None,-191000000,None,191000000,None,-275000000,790000000,348000000,2998000000,304000000,191000000,2692000000,3164000000,3189000000,3537000000,2694000000,2018-10-16,3.42,3.4,0.02,0.5882,post-market
2018-06-30,USD,2294000000,None,None,None,None,342000000,931000000,None,-127000000,2404000000,-635000000,-2519000000,-15000000,990000000,990000000,None,1437000000,1437000000,None,None,336000000,None,-990000000,None,2403000000,None,2404000000,USD,121622000000,46795000000,10741000000,11707000000,1742000000,28340000000,67621000000,11024000000,21209000000,39826000000,3344000000,36482000000,966000000,11301000000,966000000,5006000000,None,102974000000,35442000000,5518000000,None,7646000000,2199000000,67532000000,None,43298000000,5447000000,37851000000,45497000000,10526000000,10000000000,18520000000,165366000000,157349000000,54827000000,915064434,USD,9199000000,20003000000,10804000000,10804000000,2636000000,4857000000,1364000000,6563000000,None,-173000000,None,173000000,None,-280000000,773000000,342000000,2777000000,373000000,173000000,2402000000,2697000000,2950000000,3292000000,2404000000,2018-07-18,3.08,3.04,0.04,1.3158,post-market
2018-03-31,USD,4602000000,None,None,None,None,1114000000,870000000,None,-127000000,1679000000,-1764000000,-2909000000,412000000,777000000,777000000,None,1382000000,1382000000,None,None,2170000000,None,-777000000,None,-71000000,None,1679000000,USD,125285000000,49122000000,11949000000,12842000000,1753000000,29229000000,65516000000,11278000000,21497000000,40253000000,3521000000,36732000000,None,11798000000,893000000,-1000000,None,106995000000,35733000000,5736000000,None,5977000000,2219000000,67410000000,None,44168000000,3758000000,40410000000,46387000000,10961000000,10250000000,18166000000,164334000000,156371000000,54712000000,920680222,USD,8247000000,19072000000,10825000000,10825000000,1057000000,5445000000,1405000000,7190000000,None,-165000000,None,165000000,None,-413000000,774000000,340000000,1139000000,-540000000,165000000,1675000000,2109000000,1304000000,1644000000,1679000000,2018-04-17,2.45,2.42,0.03,1.2397,post-market
2017-12-31,USD,5733000000,None,None,None,None,653000000,956000000,1297000000,18000000,-1054000000,-3810000000,-919000000,1414000000,666000000,666000000,None,1387000000,1387000000,None,None,288000000,None,-628000000,None,1057000000,62000000,-1054000000,USD,125356000000,49735000000,11972000000,12580000000,1583000000,31630000000,69446000000,11116000000,21215000000,40530000000,3742000000,36788000000,894000000,137000000,608000000,3942000000,None,107631000000,37363000000,6451000000,15298000000,6987000000,1773000000,75565000000,None,45052000000,5214000000,39837000000,46825000000,12373000000,9965000000,17594000000,163507000000,153126000000,54566000000,922179225,USD,11049000000,22542000000,11493000000,11362000000,3928000000,5014000000,1378000000,6934000000,None,-164000000,None,164000000,None,-2000000,790000000,359000000,4468000000,5522000000,164000000,-1053000000,-125000000,4632000000,4991000000,-1054000000,2018-01-18,5.18,5.17,0.01,0.1934,post-market
2017-09-30,USD,3570000000,None,None,None,None,383000000,848000000,None,None,2725000000,-1906000000,-2756000000,179000000,949000000,949000000,None,1395000000,1395000000,None,None,3520000000,None,-909000000,None,-781000000,328000000,2726000000,USD,121636000000,44742000000,10915000000,11515000000,1711000000,27126000000,64832000000,11057000000,20880000000,40763000000,3981000000,36782000000,16000000,16000000,600000000,1000000,None,101879000000,31697000000,5442000000,14228000000,4299000000,407000000,70183000000,None,45218000000,3892000000,41327000000,45625000000,11307000000,7723000000,19627000000,162812000000,155565000000,54395000000,929437441,USD,8981000000,19153000000,10172000000,10031000000,2427000000,4606000000,1291000000,6373000000,None,-168000000,None,168000000,None,114000000,792000000,383000000,3065000000,339000000,168000000,2726000000,3394000000,3233000000,3616000000,2726000000,2017-10-17,3.3,3.28,0.02,0.6098,post-market
2017-06-30,USD,3466000000,None,None,None,None,388000000,685000000,None,None,2332000000,-1668000000,-609000000,-93000000,1432000000,1432000000,None,1403000000,1403000000,None,None,2948000000,None,-1389000000,None,1600000000,447000000,2331000000,USD,120495000000,45013000000,11696000000,12295000000,1604000000,26958000000,63942000000,10903000000,20388000000,40696000000,4179000000,36517000000,16000000,16000000,599000000,1000000,None,101951000000,35966000000,5126000000,15158000000,8061000000,227000000,65986000000,None,45446000000,7834000000,37612000000,45673000000,11238000000,7437000000,18419000000,161860000000,154234000000,54235000000,934900000,USD,8968000000,19289000000,10321000000,10207000000,1762000000,5033000000,1436000000,7032000000,None,-147000000,None,147000000,None,76000000,730000000,388000000,2442000000,111000000,147000000,2332000000,2852000000,2589000000,2977000000,2331000000,2017-07-18,2.79,2.74,0.05,1.8248,post-market
2017-03-31,USD,3955000000,None,None,None,None,1257000000,740000000,None,None,1750000000,303000000,-2134000000,-880000000,1293000000,1293000000,None,1321000000,1321000000,None,None,2887000000,None,-1239000000,None,2270000000,100000000,1750000000,USD,117495000000,42889000000,10096000000,10695000000,1609000000,25869000000,63625000000,10865000000,19816000000,40743000000,4436000000,36307000000,12000000,12000000,599000000,1000000,None,99047000000,36481000000,5324000000,15908000000,8340000000,285000000,62566000000,None,42498000000,8055000000,34441000000,42783000000,10466000000,7601000000,18327000000,160359000000,153292000000,54104000000,942400000,USD,7944000000,18155000000,10211000000,10104000000,697000000,5027000000,1484000000,7075000000,None,-135000000,None,135000000,None,28000000,709000000,390000000,1421000000,-329000000,135000000,1753000000,2438000000,1556000000,1946000000,1750000000,2017-04-18,2.38,2.35,0.03,1.2766,post-market
2016-12-31,USD,3979000000,None,None,None,None,1271000000,973000000,712000000,-14000000,4501000000,-3639000000,-1298000000,890000000,870000000,870000000,None,1329000000,1329000000,None,None,764000000,None,-832000000,None,-1212000000,-206000000,4501000000,USD,117470000000,43888000000,7826000000,8527000000,1553000000,29245000000,66971000000,10830000000,19303000000,40887000000,4688000000,36199000000,713000000,119000000,701000000,-1000000,None,99078000000,36275000000,6209000000,14635000000,7513000000,1274000000,66849000000,None,40893000000,6239000000,34655000000,42167000000,11518000000,7477000000,18246000000,159050000000,152759000000,53935000000,945867403,USD,11115000000,21770000000,10655000000,10592000000,4093000000,4776000000,1406000000,6800000000,None,-157000000,None,157000000,None,137000000,731000000,396000000,4981000000,480000000,157000000,4506000000,3268000000,5138000000,5534000000,4501000000,2017-01-19,5.01,4.88,0.13,2.6639,post-market
2016-09-30,USD,4117000000,None,None,None,None,403000000,768000000,None,None,2853000000,-951000000,-4185000000,45000000,857000000,857000000,None,1337000000,1337000000,None,None,105000000,None,-806000000,None,-978000000,41000000,2853000000,USD,115606000000,41433000000,9039000000,9968000000,1729000000,25196000000,64851000000,11104000000,19738000000,41282000000,4881000000,36401000000,21000000,21000000,929000000,1000000,None,98447000000,34447000000,5271000000,14426000000,6920000000,359000000,64000000000,None,42124000000,6561000000,35563000000,42483000000,11441000000,8138000000,17010000000,158170000000,149585000000,53759000000,954000000,USD,9013000000,19226000000,10213000000,9954000000,2481000000,4732000000,1397000000,6532000000,None,-158000000,None,158000000,None,8000000,724000000,403000000,3262000000,409000000,158000000,2854000000,3293000000,3420000000,3823000000,2853000000,2016-10-17,3.29,3.23,0.06,1.8576,post-market
2016-06-30,USD,3458000000,None,None,None,None,398000000,726000000,None,None,2504000000,-4452000000,-3240000000,1000000,836000000,836000000,None,1340000000,1340000000,None,None,178000000,None,-780000000,None,-4338000000,-103000000,2504000000,USD,118056000000,43524000000,10017000000,10617000000,1685000000,26547000000,64926000000,11092000000,19044000000,41570000000,5148000000,36422000000,20000000,20000000,600000000,-1000000,None,102167000000,33585000000,5484000000,15345000000,4887000000,301000000,68583000000,None,44224000000,4586000000,39638000000,44525000000,11706000000,8385000000,15733000000,157298000000,148071000000,53565000000,957400000,USD,9702000000,20238000000,10536000000,10273000000,2490000000,5349000000,1465000000,7212000000,None,-167000000,None,167000000,None,-37000000,705000000,398000000,3048000000,544000000,167000000,2505000000,2899000000,3215000000,3613000000,2504000000,2016-07-18,2.95,2.89,0.06,2.0761,post-market
2016-03-31,USD,5530000000,None,None,None,None,1162000000,1100000000,None,None,2014000000,-1886000000,2806000000,-910000000,939000000,939000000,None,1250000000,1250000000,None,None,8085000000,None,-880000000,None,6668000000,217000000,2014000000,USD,118856000000,47623000000,14354000000,14869000000,1690000000,26730000000,66555000000,10910000000,18717000000,38695000000,4373000000,34322000000,674000000,17000000,515000000,4334000000,5223000000,103784000000,34664000000,5302000000,16271000000,5303000000,302000000,69119000000,None,45254000000,5000000000,40254000000,45556000000,5804000000,8264000000,14925000000,156404000000,146888000000,53439000000,961700000,USD,8686000000,18684000000,9999000000,9760000000,697000000,6012000000,1458000000,7989000000,None,-147000000,None,147000000,None,-253000000,677000000,347000000,1031000000,-983000000,147000000,2016000000,2622000000,1178000000,1525000000,2014000000,2016-04-18,2.35,2.09,0.26,12.4402,post-market
2015-12-31,USD,5526000000,None,None,None,None,1123000000,1074000000,812000000,133000000,4463000000,-5445000000,-1595000000,-979000000,763000000,763000000,None,1261000000,1261000000,None,None,1839000000,None,-712000000,None,-1794000000,-279000000,4468900000,USD,110495000000,42504000000,7686000000,8194000000,1551000000,28554000000,64956000000,10727000000,18615000000,35508000000,3487000000,32021000000,1008000000,282000000,508000000,4205000000,5187000000,96071000000,34269000000,6028000000,14792000000,6461000000,1190000000,66076000000,None,38699000000,5271000000,33428000000,39889000000,4353000000,8099000000,14262000000,155518000000,146124000000,53262000000,965728725,USD,11406000000,22059000000,10652000000,10375000000,4681000000,5157000000,1362000000,6725000000,None,-128000000,None,128000000,-23000000,147000000,681000000,309000000,5106900000,638000000,128000000,4460000000,3016900000,5234900000,5543900000,4468900000,2016-01-19,4.84,4.81,0.03,0.6237,post-market
2015-09-30,USD,4235000000,None,None,None,None,290000000,1065000000,None,None,2950000000,-1343000000,-1848000000,903000000,1543000000,1543000000,None,1270000000,1270000000,None,None,936000000,None,-1493000000,None,1087000000,42000000,2947600000,USD,108649000000,42112000000,9480000000,9568000000,1613000000,25113000000,63185000000,10661000000,18568000000,33050000000,2775000000,30275000000,1031000000,169000000,88000000,5818000000,5586000000,95198000000,33732000000,5166000000,14051000000,7538000000,2253000000,61466000000,None,37407000000,5286000000,32122000000,39660000000,3902000000,8739000000,13294000000,154669000000,142898000000,53220000000,975100000,USD,9436000000,19280000000,9844000000,9611000000,3128000000,4731000000,1287000000,6308000000,None,-117000000,None,117000000,104000000,133000000,646000000,290000000,3606600000,659000000,117000000,2962000000,2224600000,3723600000,4013600000,2947600000,2015-10-19,3.34,3.3,0.04,1.2121,post-market
2015-06-30,USD,924000000,None,None,None,None,296000000,1042000000,None,None,3449000000,-1931000000,-2568000000,953000000,1138000000,1138000000,None,1278000000,1278000000,None,None,475000000,None,-1078000000,None,-402000000,213000000,3446600000,USD,112729000000,45186000000,8393000000,8760000000,1912000000,27910000000,63881000000,10702000000,27936000000,33473000000,2938000000,30535000000,1091000000,275000000,367000000,1000000,5377000000,98892000000,35535000000,5943000000,15224000000,5329000000,1403000000,63356000000,None,37265000000,3926000000,33339000000,38668000000,5301000000,8827000000,13684000000,153162000000,141218000000,53059000000,982300000,USD,10390000000,20813000000,10423000000,10157000000,3615000000,5179000000,1300000000,6775000000,None,-115000000,None,115000000,200000000,301000000,665000000,296000000,4144600000,698000000,115000000,3526000000,3857600000,4259600000,4555600000,3446600000,2015-07-20,3.84,3.78,0.06,1.5873,post-market
2015-03-31,USD,4045000000,None,None,None,None,1108000000,970000000,None,None,2328000000,560000000,-3402000000,-776000000,1165000000,1165000000,None,1088000000,1088000000,None,None,2290000000,None,-1004000000,None,319000000,-449000000,2326800000,USD,112037000000,46316000000,8796000000,8804000000,1970000000,27849000000,61927000000,10509000000,27793000000,32862000000,2991000000,29871000000,1360000000,290000000,8000000,-2000000,5466000000,99747000000,35640000000,6314000000,15973000000,4532000000,460000000,64108000000,None,38367000000,4072000000,34295000000,38827000000,5765000000,8791000000,12141000000,151975000000,139030000000,52928000000,988100000,USD,9452000000,19590000000,10138000000,9903000000,2494000000,5362000000,1298000000,7310000000,None,-108000000,None,108000000,-352000000,143000000,670000000,298000000,2911800000,585000000,108000000,2415000000,2359800000,3019800000,3317800000,2326800000,2015-04-20,2.91,2.8,0.11,3.9286,post-market
2014-12-31,USD,-649000000,None,None,None,None,1181000000,1054000000,1270000000,-39000000,5483000000,-1236000000,-5699000000,-5641000000,132000000,132000000,None,1089000000,1089000000,None,None,2538000000,None,28000000,None,-1085000000,-208000000,5481200000,USD,117271000000,47377000000,8476000000,8476000000,2103000000,31831000000,65218000000,10771000000,28263000000,33660000000,3104000000,30556000000,1167000000,350000000,0,1000000,5520000000,105257000000,39581000000,6864000000,15568000000,5731000000,1130000000,70280000000,None,39593000000,4601000000,34991000000,40805000000,5994000000,8733000000,11868000000,150715000000,137793000000,52666000000,990523759,USD,12862000000,24113000000,11251000000,10977000000,5179000000,6034000000,1320000000,6410000000,None,-117000000,None,117000000,1273000000,1508000000,717000000,329000000,7060200000,1579000000,117000000,5514000000,-1415800000,7177200000,7506200000,5481200000,2015-01-20,5.81,5.41,0.4,7.3937,post-market
2014-09-30,USD,18000000,None,None,None,None,339000000,1150000000,None,None,18000000,-800000000,-2820000000,-103000000,1719000000,1719000000,None,1090000000,1090000000,None,None,245000000,None,-1571000000,None,-155000000,-439000000,15600000,USD,118911000000,47163000000,9561000000,9565000000,2356000000,28002000000,69080000000,11068000000,28882000000,34418000000,3373000000,31045000000,827000000,16000000,4000000,-1000000,5126000000,104515000000,42306000000,5855000000,15029000000,12876000000,6803000000,62210000000,None,38894000000,6073000000,32821000000,45697000000,5788000000,10613000000,14255000000,150616000000,133403000000,52446000000,991800000,USD,10874000000,22397000000,11523000000,11266000000,3900000000,5281000000,1354000000,6974000000,None,-126000000,None,126000000,-163000000,103000000,800000000,339000000,921600000,906000000,126000000,3455000000,-593400000,1047600000,1386600000,15600000,2014-10-20,3.68,4.31,-0.63,-14.6172,pre-market
2014-06-30,USD,4605000000,None,None,None,None,340000000,1018000000,None,None,4137000000,-1000000000,-2260000000,3146000000,3662000000,3662000000,None,1096000000,1096000000,None,None,522000000,None,-3531000000,None,307000000,-13000000,4134600000,USD,124314000000,48182000000,9561000000,9720000000,2338000000,28522000000,73338000000,13748000000,27188000000,35153000000,3585000000,31568000000,528000000,17000000,5000000,1000000,5369000000,106801000000,42433000000,6271000000,None,12462000000,6986000000,64368000000,None,39485000000,5477000000,34008000000,46471000000,4737000000,10224000000,17377000000,148900000000,134483000000,52163000000,999600000,USD,12044000000,24047000000,12003000000,12160000000,4575000000,5593000000,1361000000,7536000000,None,-136000000,None,136000000,264000000,201000000,826000000,340000000,5230600000,1096000000,136000000,4137000000,9057600000,5366600000,5706600000,4134600000,2014-07-17,4.32,4.29,0.03,0.6993,pre-market
2014-03-31,USD,3326000000,None,None,None,None,1141000000,961000000,None,None,2384000000,35000000,-4673000000,845000000,8166000000,8166000000,None,990000000,990000000,None,None,4875000000,None,-7896000000,None,-1307000000,5000000,2384500000,USD,122646000000,47959000000,9409000000,9704000000,2456000000,28011000000,71679000000,13683000000,26795000000,34912000000,3698000000,31214000000,434000000,13000000,295000000,6138000000,5030000000,105906000000,41058000000,6865000000,None,9312000000,9312000000,64847000000,None,34668000000,None,34668000000,43980000000,5292000000,10106000000,16607000000,145612000000,131431000000,51943000000,1035200000,USD,10627000000,22236000000,11608000000,11662000000,2575000000,6272000000,1402000000,8073000000,None,-105000000,None,105000000,161000000,126000000,802000000,339000000,3037500000,653000000,105000000,2384000000,5214500000,3142500000,3481500000,2384500000,2014-04-16,2.46,2.54,-0.08,-3.1496,pre-market
2013-12-31,USD,6528000000,None,None,None,None,1801000000,1175000000,-1407000000,-57000000,6184000000,-2903000000,-3013000000,-453000000,5797000000,5797000000,None,1025000000,1025000000,None,None,6287000000,None,-5549000000,None,644000000,32000000,6181200000,USD,125641000000,51350000000,10716000000,11066000000,2310000000,30252000000,73054000000,13821000000,26654000000,35055000000,3871000000,31184000000,549000000,137000000,350000000,-1000000,4639000000,103294000000,40154000000,7461000000,None,6862000000,6862000000,68996000000,None,36710000000,3854000000,32856000000,39719000000,4748000000,9934000000,22792000000,137242000000,130042000000,51594000000,1054390937,USD,14337000000,27385000000,13048000000,13078000000,5927000000,5988000000,1452000000,8502000000,None,-113000000,None,113000000,97000000,114000000,870000000,931000000,7066200000,885000000,113000000,6184000000,15735200000,7179200000,8110200000,6181200000,2014-01-21,6.13,5.99,0.14,2.3372,pre-market
2013-09-30,USD,4746000000,None,None,None,None,350000000,1116000000,None,None,4041000000,-2547000000,-827000000,1450000000,1917000000,1917000000,None,1037000000,1037000000,None,None,3372000000,None,-1748000000,None,514000000,129000000,4039200000,USD,117845000000,47533000000,10072000000,10232000000,2492000000,26651000000,66713000000,13877000000,26931000000,34885000000,4003000000,30882000000,404000000,41000000,160000000,6475000000,4718000000,97837000000,39222000000,6263000000,None,7702000000,7702000000,58616000000,None,28478000000,None,28478000000,36180000000,4643000000,8057000000,19877000000,131240000000,124885000000,51203000000,1090900000,USD,11429000000,23338000000,11908000000,12073000000,4307000000,5260000000,1356000000,7170000000,None,-97000000,None,97000000,129000000,62000000,825000000,350000000,4871200000,832000000,97000000,4040000000,8883200000,4968200000,5318200000,4039200000,2013-10-16,3.99,3.96,0.03,0.7576,pre-market
2013-06-30,USD,3932000000,None,None,None,None,326000000,996000000,None,None,3226000000,-864000000,-3327000000,983000000,3552000000,3552000000,None,1048000000,1048000000,None,None,4009000000,None,-3251000000,None,-1027000000,-12000000,3225100000,USD,115153000000,47911000000,9561000000,10357000000,2389000000,26938000000,63143000000,13356000000,26196000000,32264000000,3418000000,28846000000,648000000,26000000,799000000,-1000000,4721000000,97269000000,41037000000,6821000000,None,7830000000,7830000000,56232000000,None,26292000000,None,26292000000,34122000000,5214000000,7812000000,17756000000,129239000000,121883000000,50886000000,1100900000,USD,12132000000,24924000000,12792000000,12528000000,3578000000,6680000000,1548000000,8652000000,None,-98000000,None,98000000,-52000000,91000000,810000000,326000000,4143100000,918000000,98000000,3226000000,6142100000,4241100000,4567100000,3225100000,2013-07-17,3.91,3.77,0.14,3.7135,pre-market
2013-03-31,USD,4023000000,None,None,None,None,1153000000,853000000,None,None,3032000000,-1012000000,-2716000000,-1359000000,2593000000,2593000000,None,948000000,948000000,None,None,2685000000,None,-2237000000,None,173000000,-121000000,3030600000,USD,117258000000,48949000000,10585000000,11992000000,2421000000,26225000000,64083000000,13597000000,26459000000,32626000000,3601000000,29025000000,1407000000,11946000000,1407000000,1000000,5011000000,98044000000,42122000000,7203000000,None,8725000000,8725000000,55921000000,None,24672000000,None,24672000000,24672000000,4583000000,7771000000,19092000000,125677000000,119713000000,50522000000,1113700000,USD,10678000000,23408000000,12730000000,12457000000,2228000000,5577000000,1644000000,8482000000,None,-94000000,None,94000000,62000000,60000000,822000000,331000000,3604600000,574000000,94000000,3032000000,6355600000,3698600000,4029600000,3030600000,2013-04-18,3,3.05,-0.05,-1.6393,pre-market
2012-12-31,USD,6346000000,None,None,None,None,1697000000,1159000000,-2230000000,280000000,5833000000,-4092000000,-3791000000,1736000000,3007000000,3007000000,None,957000000,957000000,None,None,2653000000,None,-2665000000,None,-1485000000,40000000,5830600000,USD,119213000000,49433000000,10412000000,11129000000,2287000000,28705000000,67137000000,13996000000,26505000000,33034000000,3787000000,29247000000,1422000000,120000000,717000000,5439000000,5021000000,100229000000,43625000000,7952000000,None,9181000000,9181000000,60597000000,None,29680000000,5593000000,24088000000,29680000000,4847000000,7607000000,18860000000,123131000000,117641000000,50110000000,1117367676,USD,15230000000,27671000000,12441000000,13834000000,6629000000,5831000000,1094000000,8615000000,None,-109000000,None,109000000,32000000,47000000,820000000,877000000,8071600000,2241000000,109000000,5833000000,6625600000,8180600000,9057600000,5830600000,2013-01-22,5.39,5.25,0.14,2.6667,pre-market
2012-09-30,USD,3824000000,None,None,None,None,324000000,1103000000,None,None,3824000000,-999000000,-2507000000,59000000,2986000000,2986000000,None,968000000,968000000,None,None,2030000000,None,-2706000000,None,3824000000,37000000,3821000000,USD,115778000000,48141000000,11909000000,12254000000,2586000000,24697000000,65083000000,14027000000,26688000000,31835000000,3565000000,28270000000,345000000,10791000000,345000000,6538000000,5006000000,94112000000,39499000000,7085000000,None,9334000000,9334000000,54948000000,None,24333000000,None,24333000000,24333000000,4973000000,9335000000,21541000000,120115000000,112773000000,49603000000,1137200000,USD,11732000000,24747000000,13016000000,12757000000,3085000000,5908000000,1534000000,8771000000,None,-124000000,None,124000000,579000000,606000000,866000000,324000000,5072000000,1251000000,124000000,3823000000,8422000000,5196000000,5520000000,3821000000,2012-10-16,3.62,3.61,0.01,0.277,pre-market
2012-06-30,USD,3881000000,None,None,None,None,318000000,1358000000,None,None,3881000000,-1683000000,-3362000000,-129000000,2987000000,2987000000,None,978000000,978000000,None,None,3653000000,None,-2688000000,None,3881000000,-360000000,3879000000,USD,113832000000,47392000000,10864000000,11187000000,2758000000,25154000000,63644000000,13865000000,26293000000,31392000000,3657000000,27735000000,323000000,10795000000,323000000,-1000000,4730000000,93269000000,38903000000,7482000000,None,7669000000,7669000000,54698000000,None,24766000000,None,24766000000,24766000000,4602000000,9166000000,20472000000,117116000000,109928000000,49157000000,1149000000,USD,12281000000,25783000000,13502000000,13220000000,3831000000,5837000000,1587000000,8567000000,None,-117000000,None,117000000,-25000000,132000000,859000000,318000000,5159000000,1280000000,117000000,3881000000,7377000000,5276000000,5594000000,3879000000,2012-07-18,3.51,3.42,0.09,2.6316,pre-market
2012-03-31,USD,4291000000,None,None,None,None,1157000000,1097000000,None,None,3066000000,-2230000000,-2316000000,-2107000000,3015000000,3015000000,None,870000000,870000000,None,None,3906000000,None,-2396000000,None,-175000000,167000000,3062400000,USD,115347000000,48847000000,11835000000,12335000000,2754000000,25172000000,66500000000,13946000000,26496000000,31109000000,3641000000,27468000000,500000000,10549000000,500000000,1000000,4822000000,94563000000,38209000000,7416000000,None,6293000000,6293000000,56709000000,None,25760000000,None,25760000000,25760000000,4677000000,9112000000,20701000000,114020000000,107036000000,48800000000,1159100000,USD,11118000000,24673000000,13555000000,13310000000,2537000000,5886000000,1601000000,8548000000,None,-110000000,None,110000000,143000000,58000000,847000000,310000000,3831400000,769000000,110000000,3067000000,3107400000,3941400000,4251400000,3062400000,2012-04-17,2.78,2.65,0.13,4.9057,pre-market
2011-12-31,USD,7096000000,None,None,None,None,1741000000,1186000000,-1279000000,-163000000,5490000000,-3505000000,-2810000000,1205000000,3581000000,3581000000,None,880000000,880000000,None,None,3344000000,None,-3157000000,None,1237000000,-163000000,5489700000,USD,116433000000,50928000000,11922000000,11922000000,2595000000,28080000000,66929000000,13883000000,26241000000,29605000000,3392000000,26213000000,884000000,131000000,0,6850000000,4895000000,96197000000,42123000000,8517000000,None,8463000000,8463000000,59703000000,None,27161000000,4306000000,22857000000,27161000000,4535000000,8996000000,20138000000,110963000000,104857000000,48129000000,1163182565,USD,14722000000,29486000000,14764000000,14487000000,6179000000,6076000000,1555000000,9119000000,None,-113000000,None,113000000,90000000,43000000,888000000,853000000,7273700000,1784000000,113000000,5490000000,9081700000,7386700000,8239700000,5489700000,2012-01-19,4.71,4.62,0.09,1.9481,pre-market
2011-09-30,USD,3839000000,None,None,None,None,307000000,1472000000,None,None,3839000000,-805000000,-3669000000,-767000000,3444000000,3444000000,None,893000000,893000000,None,None,2996000000,None,-2966000000,None,3839000000,-615000000,3838100000,USD,110158000000,45373000000,11303000000,11303000000,2663000000,23864000000,64786000000,13887000000,26252000000,27946000000,3033000000,24913000000,None,9830000000,None,1000000,5422000000,87781000000,36028000000,7093000000,None,6071000000,6071000000,52163000000,None,24089000000,None,None,30160000000,4426000000,8654000000,22291000000,107434000000,100266000000,47558000000,1188600000,USD,12173000000,26157000000,13984000000,13708000000,4355000000,5662000000,1546000000,7925000000,None,-107000000,None,107000000,-131000000,-128000000,885000000,307000000,5026100000,1188000000,107000000,3839000000,2249100000,5133100000,5440100000,3838100000,2011-10-17,3.28,3.22,0.06,1.8634,pre-market
2011-06-30,USD,4279000000,None,None,None,None,309000000,951000000,None,None,3664000000,-584000000,-4903000000,-1252000000,3976000000,3976000000,None,905000000,905000000,None,None,2602000000,None,-3302000000,None,-1048000000,159000000,3661900000,USD,113474000000,46937000000,11714000000,11764000000,2573000000,25254000000,66536000000,14239000000,26887000000,28814000000,3205000000,25609000000,50000000,10422000000,50000000,6219000000,5329000000,90263000000,39843000000,7112000000,None,7858000000,7858000000,50862000000,None,21915000000,None,None,29773000000,5144000000,8851000000,23127000000,104073000000,97334000000,46975000000,1204800000,USD,12385000000,26666000000,14282000000,14013000000,4166000000,6030000000,1569000000,8316000000,None,-97000000,None,97000000,252000000,-97000000,898000000,309000000,4882900000,1221000000,97000000,3664000000,3402900000,4979900000,5288900000,3661900000,2011-07-18,3.09,3.03,0.06,1.9802,pre-market
2011-03-31,USD,3792000000,None,None,None,None,1228000000,1058000000,None,None,2863000000,498000000,-2314000000,2135000000,4045000000,4045000000,None,795000000,795000000,None,None,1054000000,None,-3168000000,None,2102000000,126000000,2860400000,USD,112960000000,47524000000,12763000000,13245000000,2549000000,10148000000,55184000000,14208000000,26557000000,28732000000,3324000000,25408000000,None,None,482000000,1000000,5380000000,90185000000,40387000000,6747000000,None,8508000000,8508000000,50224000000,None,21748000000,None,None,30257000000,5336000000,8330000000,22671000000,100078000000,94590000000,46278000000,1222200000,USD,10858000000,24607000000,13749000000,13506000000,2448000000,5826000000,1587000000,8372000000,None,-93000000,None,93000000,131000000,202000000,918000000,310000000,3814400000,954000000,93000000,2863000000,6347400000,3907400000,4217400000,2860400000,2011-04-19,2.41,2.3,0.11,4.7826,pre-market
2010-12-31,USD,6795000000,None,None,None,None,1790000000,4321000000,-489000000,92000000,5257000000,-4082000000,-1860000000,-588000000,3601000000,3601000000,None,808000000,808000000,None,None,3390000000,None,-2452000000,None,802000000,-52000000,5253400000,USD,113452000000,48116000000,10661000000,11651000000,2450000000,10834000000,56114000000,14096000000,26193000000,28624000000,3488000000,25136000000,None,None,990000000,5790000000,5778000000,90279000000,40562000000,7804000000,None,6778000000,6778000000,54524000000,None,25863000000,4017000000,21846000000,28624000000,5156000000,8226000000,23046000000,96161000000,92532000000,45418000000,1227993544,USD,14227000000,29018000000,14792000000,14487000000,5178000000,5951000000,1578000000,9285000000,None,-101000000,None,101000000,-135000000,41000000,920000000,870000000,6951400000,1698000000,101000000,5258000000,9246400000,7052400000,7922400000,5253400000,2011-01-18,4.18,4.08,0.1,2.451,pre-market
2010-09-30,USD,4551000000,None,None,None,None,1203000000,146000000,None,None,3589000000,-1780000000,-3455000000,-568000000,3653000000,3653000000,None,818000000,818000000,None,None,2164000000,None,-2855000000,None,-466000000,218000000,3586400000,USD,107174000000,44469000000,9859000000,11086000000,2629000000,9717000000,53257000000,14009000000,25927000000,25750000000,3047000000,22703000000,None,None,1227000000,1000000,6166000000,84815000000,35443000000,7084000000,None,5556000000,5556000000,49794000000,None,21899000000,None,None,27455000000,4745000000,8842000000,22238000000,92707000000,88095000000,44328000000,1255200000,USD,11001000000,24271000000,13270000000,13021000000,3959000000,5149000000,1464000000,6256000000,None,-95000000,None,95000000,881000000,106000000,914000000,289000000,4674400000,1088000000,95000000,3589000000,8207400000,4769400000,5058400000,3586400000,2010-10-18,2.82,2.75,0.07,2.5455,pre-market
2010-06-30,USD,3766000000,None,None,None,None,1183000000,141000000,None,None,3386000000,-1946000000,-3746000000,300000000,4104000000,4104000000,None,833000000,833000000,None,None,1311000000,None,-3162000000,None,-2147000000,-220000000,3385000000,USD,103420000000,44895000000,10325000000,12241000000,2595000000,9051000000,49339000000,13534000000,24758000000,23070000000,2526000000,20544000000,None,None,1916000000,-1000000,6038000000,82244000000,34993000000,7233000000,None,5633000000,5633000000,47627000000,None,21017000000,None,None,26650000000,4539000000,8295000000,21059000000,89276000000,85323000000,43522000000,1278600000,USD,10809000000,23724000000,12915000000,12641000000,3858000000,5061000000,1475000000,7041000000,None,-90000000,None,90000000,None,95000000,899000000,284000000,4575000000,1190000000,90000000,3385000000,6438000000,4665000000,4949000000,3385000000,2010-07-19,2.61,2.58,0.03,1.1628,pre-market
2010-03-31,USD,4437000000,None,None,None,None,1210000000,146000000,None,None,2601000000,-699000000,-3368000000,1673000000,4017000000,4017000000,None,718000000,718000000,None,None,1190000000,None,-3132000000,None,289000000,-81000000,2601000000,USD,105208000000,45697000000,12472000000,13977000000,2524000000,9324000000,49968000000,13841000000,25178000000,23507000000,2618000000,20889000000,None,None,1505000000,-1000000,5794000000,83059000000,34575000000,6345000000,None,5014000000,5014000000,48483000000,None,21305000000,None,None,26319000000,5285000000,8506000000,22033000000,85238000000,82783000000,42665000000,1301200000,USD,9976000000,22857000000,12880000000,12608000000,2504000000,5677000000,1509000000,7554000000,None,-82000000,None,82000000,None,545000000,924000000,286000000,3515000000,914000000,82000000,2601000000,2601000000,3597000000,3883000000,2601000000,2010-04-19,1.97,1.93,0.04,2.0725,pre-market
2009-12-31,USD,6448000000,None,None,None,None,1265000000,3601000000,None,263000000,4813000000,-2495000000,-1206000000,-500000000,3064000000,3064000000,None,727000000,727000000,None,None,4269000000,None,-1514000000,None,2652000000,-95000000,4813000000,USD,109022000000,48935000000,12183000000,13974000000,2494000000,10736000000,49443000000,14165000000,25431000000,22703000000,2513000000,20190000000,None,None,1791000000,-1000000,5379000000,86267000000,36002000000,7436000000,None,4168000000,4168000000,50266000000,None,24154000000,2222000000,None,26100000000,5223000000,8819000000,22637000000,81243000000,80900000000,41810000000,1318329640,USD,13145000000,27230000000,14085000000,13784000000,5827000000,5560000000,1460000000,7399000000,None,-81000000,None,81000000,-142000000,None,967000000,298000000,6381000000,1568000000,81000000,4813000000,21253000000,6462000000,6760000000,4813000000,2010-01-19,3.59,3.47,0.12,3.4582,pre-market
2009-09-30,USD,5198000000,None,None,None,None,1258000000,157000000,None,None,3214000000,-2337000000,-5168000000,783000000,929000000,929000000,None,726000000,726000000,None,None,445000000,None,51000000,None,-2147000000,160000000,3214000000,USD,103675000000,43446000000,9532000000,11512000000,2546000000,9426000000,50000000000,14189000000,25600000000,21708000000,2436000000,19272000000,None,None,1980000000,5766000000,5051000000,85182000000,32960000000,6145000000,None,4885000000,4885000000,52221000000,None,20583000000,None,None,25468000000,5704000000,9863000000,18396000000,78411000000,76812000000,40482000000,1319900000,USD,10627000000,23566000000,12938000000,12637000000,4168000000,5013000000,1446000000,6543000000,None,-84000000,None,84000000,418000000,None,953000000,305000000,4373000000,1159000000,84000000,3214000000,3214000000,4457000000,4762000000,3214000000,2009-10-15,2.4,2.38,0.02,0.8403,pre-market
2009-06-30,USD,4741000000,None,None,None,None,1242000000,863000000,None,None,3103000000,-1849000000,-3743000000,-1115000000,1671000000,None,None,732000000,732000000,None,None,1056000000,None,-1671000000,None,-616000000,235000000,3103000000,USD,103655000000,44435000000,11678000000,12526000000,2691000000,9561000000,49022000000,13948000000,24721000000,21317000000,2580000000,18737000000,None,None,848000000,1000000,4813000000,88182000000,36430000000,5869000000,None,8504000000,8504000000,51751000000,None,20868000000,None,None,29372000000,5562000000,9141000000,15380000000,77679000000,74328000000,39774000000,1326100000,USD,10581000000,23250000000,12669000000,12366000000,4032000000,5115000000,1434000000,6650000000,None,-101000000,None,101000000,None,None,936000000,1242000000,4262000000,1159000000,101000000,3103000000,3103000000,4363000000,4032000000,3103000000,2009-07-16,2.32,2.02,0.3,14.8515,pre-market
2009-03-31,USD,4386000000,None,None,None,None,1229000000,760000000,None,None,2295000000,-48000000,-4583000000,181000000,1765000000,None,None,675000000,675000000,None,None,913000000,None,-1765000000,None,-447000000,-202000000,2295000000,,,,,,,,,,,,,,,,,,,,,,,,,,,,,,,,,,,,,,,,,,,,,,,,,,,,,,,,,,,,,,,2009-04-20,1.7,1.66,0.04,2.4096,pre-market
2008-12-31,USD,6621000000,None,None,None,None,1321000000,1381000000,None,None,4427000000,None,-2870000000,-4502000000,740000000,None,None,669000000,669000000,None,None,5578000000,None,-740000000,None,2986000000,116000000,4427000000,,,,,,,,,,,,,,,,,,,,,,,,,,,,,,,,,,,,,,,,,,,,,,,,,,,,,,,,,,,,,,,2009-01-20,3.28,3.03,0.25,8.2508,pre-market
2008-09-30,USD,3738000000,None,None,None,None,1379000000,1126000000,None,None,2824000000,None,-1881000000,750000000,2674000000,None,None,677000000,677000000,None,None,1438000000,None,-2674000000,None,129000000,-233000000,2823000000,,,,,,,,,,,,,,,,,,,,,,,,,,,,,,,,,,,,,,,,,,,,,,,,,,,,,,,,,,,,,,,2008-10-16,2.05,2.03,0.02,0.9852,pre-market
2008-06-30,USD,4251000000,None,None,None,None,1403000000,1168000000,None,None,2765000000,None,-4287000000,None,None,None,None,685000000,685000000,None,None,None,None,-4737000000,None,None,None,2765000000,,,,,,,,,,,,,,,,,,,,,,,,,,,,,,,,,,,,,,,,,,,,,,,,,,,,,,,,,,,,,,,2008-07-17,1.98,1.82,0.16,8.7912,pre-market
2008-03-31,,,,,,,,,,,,,,,,,,,,,,,,,,,,,,,,,,,,,,,,,,,,,,,,,,,,,,,,,,,,,,,,,,,,,,,,,,,,,,,,,,,,,,,,,,,2008-04-16,1.65,1.45,0.2,13.7931,pre-market
2007-12-31,,,,,,,,,,,,,,,,,,,,,,,,,,,,,,,,,,,,,,,,,,,,,,,,,,,,,,,,,,,,,,,,,,,,,,,,,,,,,,,,,,,,,,,,,,,2008-01-17,2.8,2.68,0.12,4.4776,pre-market
2007-09-30,,,,,,,,,,,,,,,,,,,,,,,,,,,,,,,,,,,,,,,,,,,,,,,,,,,,,,,,,,,,,,,,,,,,,,,,,,,,,,,,,,,,,,,,,,,2007-10-16,1.68,1.67,0.01,0.5988,pre-market
2007-06-30,,,,,,,,,,,,,,,,,,,,,,,,,,,,,,,,,,,,,,,,,,,,,,,,,,,,,,,,,,,,,,,,,,,,,,,,,,,,,,,,,,,,,,,,,,,2007-07-18,1.5,1.47,0.03,2.0408,pre-market
2007-03-31,,,,,,,,,,,,,,,,,,,,,,,,,,,,,,,,,,,,,,,,,,,,,,,,,,,,,,,,,,,,,,,,,,,,,,,,,,,,,,,,,,,,,,,,,,,2007-04-17,1.21,1.21,0,0,pre-market
2006-12-31,,,,,,,,,,,,,,,,,,,,,,,,,,,,,,,,,,,,,,,,,,,,,,,,,,,,,,,,,,,,,,,,,,,,,,,,,,,,,,,,,,,,,,,,,,,2007-01-18,2.26,2.19,0.07,3.1963,pre-market
2006-09-30,,,,,,,,,,,,,,,,,,,,,,,,,,,,,,,,,,,,,,,,,,,,,,,,,,,,,,,,,,,,,,,,,,,,,,,,,,,,,,,,,,,,,,,,,,,2006-10-17,1.45,1.35,0.1,7.4074,pre-market
2006-06-30,,,,,,,,,,,,,,,,,,,,,,,,,,,,,,,,,,,,,,,,,,,,,,,,,,,,,,,,,,,,,,,,,,,,,,,,,,,,,,,,,,,,,,,,,,,2006-07-18,1.3,1.29,0.01,0.7752,pre-market
2006-03-31,,,,,,,,,,,,,,,,,,,,,,,,,,,,,,,,,,,,,,,,,,,,,,,,,,,,,,,,,,,,,,,,,,,,,,,,,,,,,,,,,,,,,,,,,,,2006-04-18,1.08,1.05,0.03,2.8571,pre-market
2005-12-31,,,,,,,,,,,,,,,,,,,,,,,,,,,,,,,,,,,,,,,,,,,,,,,,,,,,,,,,,,,,,,,,,,,,,,,,,,,,,,,,,,,,,,,,,,,2006-01-17,2.11,1.94,0.17,8.7629,pre-market
2005-09-30,,,,,,,,,,,,,,,,,,,,,,,,,,,,,,,,,,,,,,,,,,,,,,,,,,,,,,,,,,,,,,,,,,,,,,,,,,,,,,,,,,,,,,,,,,,2005-10-17,1.26,1.13,0.13,11.5044,pre-market
2005-06-30,,,,,,,,,,,,,,,,,,,,,,,,,,,,,,,,,,,,,,,,,,,,,,,,,,,,,,,,,,,,,,,,,,,,,,,,,,,,,,,,,,,,,,,,,,,2005-07-18,1.12,1.03,0.09,8.7379,pre-market
2005-03-31,,,,,,,,,,,,,,,,,,,,,,,,,,,,,,,,,,,,,,,,,,,,,,,,,,,,,,,,,,,,,,,,,,,,,,,,,,,,,,,,,,,,,,,,,,,2005-04-14,0.85,0.9,-0.05,-5.5556,pre-market
2004-12-31,,,,,,,,,,,,,,,,,,,,,,,,,,,,,,,,,,,,,,,,,,,,,,,,,,,,,,,,,,,,,,,,,,,,,,,,,,,,,,,,,,,,,,,,,,,2005-01-18,1.81,1.76,0.05,2.8409,pre-market
2004-09-30,,,,,,,,,,,,,,,,,,,,,,,,,,,,,,,,,,,,,,,,,,,,,,,,,,,,,,,,,,,,,,,,,,,,,,,,,,,,,,,,,,,,,,,,,,,2004-10-18,1.17,1.14,0.03,2.6316,pre-market
2004-06-30,,,,,,,,,,,,,,,,,,,,,,,,,,,,,,,,,,,,,,,,,,,,,,,,,,,,,,,,,,,,,,,,,,,,,,,,,,,,,,,,,,,,,,,,,,,2004-07-15,1.16,1.12,0.04,3.5714,pre-market
2004-03-31,,,,,,,,,,,,,,,,,,,,,,,,,,,,,,,,,,,,,,,,,,,,,,,,,,,,,,,,,,,,,,,,,,,,,,,,,,,,,,,,,,,,,,,,,,,2004-04-15,0.93,0.93,0,0,pre-market
2003-12-31,,,,,,,,,,,,,,,,,,,,,,,,,,,,,,,,,,,,,,,,,,,,,,,,,,,,,,,,,,,,,,,,,,,,,,,,,,,,,,,,,,,,,,,,,,,2004-01-15,1.56,1.5,0.06,4,pre-market
2003-09-30,,,,,,,,,,,,,,,,,,,,,,,,,,,,,,,,,,,,,,,,,,,,,,,,,,,,,,,,,,,,,,,,,,,,,,,,,,,,,,,,,,,,,,,,,,,2003-10-15,1.02,1.02,0,0,pre-market
2003-06-30,,,,,,,,,,,,,,,,,,,,,,,,,,,,,,,,,,,,,,,,,,,,,,,,,,,,,,,,,,,,,,,,,,,,,,,,,,,,,,,,,,,,,,,,,,,2003-07-16,0.97,0.98,-0.01,-1.0204,pre-market
2003-03-31,,,,,,,,,,,,,,,,,,,,,,,,,,,,,,,,,,,,,,,,,,,,,,,,,,,,,,,,,,,,,,,,,,,,,,,,,,,,,,,,,,,,,,,,,,,2003-04-14,0.79,0.8,-0.01,-1.25,pre-market
2002-12-31,,,,,,,,,,,,,,,,,,,,,,,,,,,,,,,,,,,,,,,,,,,,,,,,,,,,,,,,,,,,,,,,,,,,,,,,,,,,,,,,,,,,,,,,,,,2003-01-16,1.34,1.3,0.04,3.0769,pre-market
2002-09-30,,,,,,,,,,,,,,,,,,,,,,,,,,,,,,,,,,,,,,,,,,,,,,,,,,,,,,,,,,,,,,,,,,,,,,,,,,,,,,,,,,,,,,,,,,,2002-10-16,0.99,0.96,0.03,3.125,pre-market
2002-06-30,,,,,,,,,,,,,,,,,,,,,,,,,,,,,,,,,,,,,,,,,,,,,,,,,,,,,,,,,,,,,,,,,,,,,,,,,,,,,,,,,,,,,,,,,,,2002-07-17,0.89,0.83,0.06,7.2289,pre-market
2002-03-31,,,,,,,,,,,,,,,,,,,,,,,,,,,,,,,,,,,,,,,,,,,,,,,,,,,,,,,,,,,,,,,,,,,,,,,,,,,,,,,,,,,,,,,,,,,2002-04-17,0.68,0.68,0,0,pre-market
2001-12-31,,,,,,,,,,,,,,,,,,,,,,,,,,,,,,,,,,,,,,,,,,,,,,,,,,,,,,,,,,,,,,,,,,,,,,,,,,,,,,,,,,,,,,,,,,,2002-01-17,1.33,1.32,0.01,0.7576,pre-market
2001-09-30,,,,,,,,,,,,,,,,,,,,,,,,,,,,,,,,,,,,,,,,,,,,,,,,,,,,,,,,,,,,,,,,,,,,,,,,,,,,,,,,,,,,,,,,,,,2001-10-16,0.9,0.89,0.01,1.1236,pre-market
2001-06-30,,,,,,,,,,,,,,,,,,,,,,,,,,,,,,,,,,,,,,,,,,,,,,,,,,,,,,,,,,,,,,,,,,,,,,,,,,,,,,,,,,,,,,,,,,,2001-07-18,1.21,1.15,0.06,5.2174,pre-market
2001-03-31,,,,,,,,,,,,,,,,,,,,,,,,,,,,,,,,,,,,,,,,,,,,,,,,,,,,,,,,,,,,,,,,,,,,,,,,,,,,,,,,,,,,,,,,,,,2001-04-18,1,0.98,0.02,2.0408,pre-market
2000-12-31,,,,,,,,,,,,,,,,,,,,,,,,,,,,,,,,,,,,,,,,,,,,,,,,,,,,,,,,,,,,,,,,,,,,,,,,,,,,,,,,,,,,,,,,,,,2001-01-17,1.48,1.46,0.02,1.3699,pre-market
2000-09-30,,,,,,,,,,,,,,,,,,,,,,,,,,,,,,,,,,,,,,,,,,,,,,,,,,,,,,,,,,,,,,,,,,,,,,,,,,,,,,,,,,,,,,,,,,,2000-10-17,1.08,1.08,0,0,pre-market
2000-06-30,,,,,,,,,,,,,,,,,,,,,,,,,,,,,,,,,,,,,,,,,,,,,,,,,,,,,,,,,,,,,,,,,,,,,,,,,,,,,,,,,,,,,,,,,,,2000-07-19,1.06,1,0.06,6,pre-market
2000-03-31,,,,,,,,,,,,,,,,,,,,,,,,,,,,,,,,,,,,,,,,,,,,,,,,,,,,,,,,,,,,,,,,,,,,,,,,,,,,,,,,,,,,,,,,,,,2000-04-18,0.83,0.78,0.05,6.4103,pre-market
1999-12-31,,,,,,,,,,,,,,,,,,,,,,,,,,,,,,,,,,,,,,,,,,,,,,,,,,,,,,,,,,,,,,,,,,,,,,,,,,,,,,,,,,,,,,,,,,,2000-01-19,1.12,1.06,0.06,5.6604,pre-market
1999-09-30,,,,,,,,,,,,,,,,,,,,,,,,,,,,,,,,,,,,,,,,,,,,,,,,,,,,,,,,,,,,,,,,,,,,,,,,,,,,,,,,,,,,,,,,,,,1999-10-20,0.9,0.89,0.01,1.1236,pre-market
1999-06-30,,,,,,,,,,,,,,,,,,,,,,,,,,,,,,,,,,,,,,,,,,,,,,,,,,,,,,,,,,,,,,,,,,,,,,,,,,,,,,,,,,,,,,,,,,,1999-07-19,0.91,0.88,0.03,3.4091,pre-market
1999-03-31,,,,,,,,,,,,,,,,,,,,,,,,,,,,,,,,,,,,,,,,,,,,,,,,,,,,,,,,,,,,,,,,,,,,,,,,,,,,,,,,,,,,,,,,,,,1999-04-21,0.78,0.7,0.08,11.4286,pre-market
1998-12-31,,,,,,,,,,,,,,,,,,,,,,,,,,,,,,,,,,,,,,,,,,,,,,,,,,,,,,,,,,,,,,,,,,,,,,,,,,,,,,,,,,,,,,,,,,,1999-01-21,1.24,1.22,0.02,1.6393,pre-market
1998-09-30,,,,,,,,,,,,,,,,,,,,,,,,,,,,,,,,,,,,,,,,,,,,,,,,,,,,,,,,,,,,,,,,,,,,,,,,,,,,,,,,,,,,,,,,,,,1998-10-20,0.78,0.77,0.01,1.2987,pre-market
1998-06-30,,,,,,,,,,,,,,,,,,,,,,,,,,,,,,,,,,,,,,,,,,,,,,,,,,,,,,,,,,,,,,,,,,,,,,,,,,,,,,,,,,,,,,,,,,,1998-07-20,0.77,0.75,0.02,2.6667,pre-market
1998-03-31,,,,,,,,,,,,,,,,,,,,,,,,,,,,,,,,,,,,,,,,,,,,,,,,,,,,,,,,,,,,,,,,,,,,,,,,,,,,,,,,,,,,,,,,,,,1998-04-20,0.53,0.53,0,0,pre-market
1997-12-31,,,,,,,,,,,,,,,,,,,,,,,,,,,,,,,,,,,,,,,,,,,,,,,,,,,,,,,,,,,,,,,,,,,,,,,,,,,,,,,,,,,,,,,,,,,1998-01-20,1.08,1.07,0.01,0.9346,pre-market
1997-09-30,,,,,,,,,,,,,,,,,,,,,,,,,,,,,,,,,,,,,,,,,,,,,,,,,,,,,,,,,,,,,,,,,,,,,,,,,,,,,,,,,,,,,,,,,,,1997-10-20,0.69,0.68,0.01,1.4706,pre-market
1997-06-30,,,,,,,,,,,,,,,,,,,,,,,,,,,,,,,,,,,,,,,,,,,,,,,,,,,,,,,,,,,,,,,,,,,,,,,,,,,,,,,,,,,,,,,,,,,1997-07-21,0.73,0.71,0.02,2.8169,pre-market
1997-03-31,,,,,,,,,,,,,,,,,,,,,,,,,,,,,,,,,,,,,,,,,,,,,,,,,,,,,,,,,,,,,,,,,,,,,,,,,,,,,,,,,,,,,,,,,,,1997-04-23,0.59,0.58,0.01,1.7241,pre-market
1996-12-31,,,,,,,,,,,,,,,,,,,,,,,,,,,,,,,,,,,,,,,,,,,,,,,,,,,,,,,,,,,,,,,,,,,,,,,,,,,,,,,,,,,,,,,,,,,1997-01-21,0.98,0.99,-0.01,-1.0101,pre-market
1996-09-30,,,,,,,,,,,,,,,,,,,,,,,,,,,,,,,,,,,,,,,,,,,,,,,,,,,,,,,,,,,,,,,,,,,,,,,,,,,,,,,,,,,,,,,,,,,1996-10-21,0.61,0.61,0,0,pre-market
1996-06-30,,,,,,,,,,,,,,,,,,,,,,,,,,,,,,,,,,,,,,,,,,,,,,,,,,,,,,,,,,,,,,,,,,,,,,,,,,,,,,,,,,,,,,,,,,,1996-07-25,0.63,0.61,0.02,3.2787,pre-market
1996-03-31,,,,,,,,,,,,,,,,,,,,,,,,,,,,,,,,,,,,,,,,,,,,,,,,,,,,,,,,,,,,,,,,,,,,,,,,,,,,,,,,,,,,,,,,,,,1996-04-17,0.55,0.6,-0.05,-8.3333,pre-market
